"Episode","Title","Restaurant","Location","Original Air Date"
1,"Classics","Mac & Ernie's","Tarpley, Texas","April 23, 2007"
1,"Classics","Brint's Diner","Wichita, Kansas","April 23, 2007"
1,"Classics","Mad Greek's Diner","Baker, California","April 23, 2007"
2,"That's Italian","Pizza Palace","Knoxville, Tennessee","April 30, 2007"
2,"That's Italian","Hullabaloo Diner","Wellborn, Texas","April 30, 2007"
2,"That's Italian","Four Kegs Sports Pub","Las Vegas, Nevada","April 30, 2007"
3,"Blue Plate Special","Patrick's Roadhouse","Santa Monica, California","May 7, 2007"
3,"Blue Plate Special","Frosted Mug","Alsip, Illinois","May 7, 2007"
3,"Blue Plate Special","The Penguin","Charlotte, North Carolina","May 7, 2007"
4,"Breakfast","Frank's Diner","Kenosha, Wisconsin","May 21, 2007"
4,"Breakfast","Gaffey Street Diner","San Pedro, California","May 21, 2007"
4,"Breakfast","The Coffee Cup","Boulder City, Nevada","May 21, 2007"
5,"BBQ","Baby Blues BBQ","Venice, California","May 28, 2007"
5,"BBQ","Louie Mueller BBQ","Taylor, Texas","May 28, 2007"
5,"BBQ","Barbecue King Drive-In","Charlotte, North Carolina","May 28, 2007"
6,"Local Legends","Eveready Diner","Hyde Park, New York","June 4, 2007"
6,"Local Legends","Leo's BBQ","Oklahoma City, Oklahoma","June 4, 2007"
6,"Local Legends","A1 Diner","Gardiner, Maine","June 4, 2007"
7,"Burgers","Triple XXX Restaurant","West Lafayette, Indiana","June 11, 2007"
7,"Burgers","Hackney's","Glenview, Illinois","June 11, 2007"
7,"Burgers","Squeeze Inn","Sacramento, California","June 11, 2007"
8,"House Specials","Red Arrow Diner","Manchester, New Hampshire","June 18, 2007"
8,"House Specials","Hank's Creekside Restaurant","Santa Rosa, California","June 18, 2007"
8,"House Specials","Voula's Offshore Café","Seattle, Washington","June 18, 2007"
9,"Retro","Southside Soda Shop and Diner","Goshen, Indiana","July 9, 2007"
9,"Retro","Taylor's Automatic Refresher","St. Helena, California","July 9, 2007"
9,"Retro","Byways Café","Portland, Oregon","July 9, 2007"
10,"Worth the Trip","Big Star Diner","Bainbridge Island, Washington","July 16, 2007"
10,"Worth the Trip","Harold's Café","Gaffney, South Carolina","July 16, 2007"
10,"Worth the Trip","Mo Gridder's BBQ","Bronx, New York","July 16, 2007"
11,"Diners A-Plenty","Kelly's Diner","Somerville, Massachusetts","July 23, 2007"
11,"Diners A-Plenty","Bay Way Diner","Linden, New Jersey","July 23, 2007"
11,"Diners A-Plenty","Beacon Drive-In","Spartanburg, South Carolina","July 23, 2007"
12,"American Cookin'","Rosie's Diner","Rockford, Michigan","July 30, 2007"
12,"American Cookin'","Dari-ette Drive-In","St. Paul, Minnesota","July 30, 2007"
12,"American Cookin'","The Russian River Pub","Forestville, California","July 30, 2007"
12,"American Cookin'","Al's Breakfast","Minneapolis, Minnesota","July 30, 2007"
1,"Totally Fried","Falafel's Drive-In","San Jose, California","October 1, 2007"
1,"Totally Fried","Ramona Café","Ramona, California","October 1, 2007"
1,"Totally Fried","Silk City Diner","Philadelphia, Pennsylvania","October 1, 2007"
2,"Route 66","Emma Jean's Holland Burger Café","Victorville, California","October 8, 2007"
2,"Route 66","The Rock Café","Stroud, Oklahoma","October 8, 2007"
2,"Route 66","Café on the Route","Baxter Springs, Kansas","October 8, 2007"
3,"Seaside Eats","Evelyn's Drive-In","Tiverton, Rhode Island","October 15, 2007"
3,"Seaside Eats","Hodad's","Ocean Beach, California","October 15, 2007"
3,"Seaside Eats","Keegan's Seafood Grille","Indian Rocks Beach, Florida","October 15, 2007"
4,"Local Flavors","Clanton's Café","Vinita, Oklahoma","October 22, 2007"
4,"Local Flavors","Mike's Chili Parlor","Seattle, Washington","October 22, 2007"
4,"Local Flavors","Duarte's Tavern","Pescadero, California","October 22, 2007"
5,"Viewer's Choice","Bobby's Hawaiian Style Restaurant","Everett, Washington","October 29, 2007"
5,"Viewer's Choice","Ted Peters Famous Smoked Fish","South Pasadena, Florida","October 29, 2007"
5,"Viewer's Choice","Psycho Suzie's Motor Lounge","Minneapolis, Minnesota","October 29, 2007"
6,"Real Deal BBQ","Jay Bee's Bar-B-Que","Gardena, California","November 5, 2007"
6,"Real Deal BBQ","Smoque","Chicago, Illinois","November 5, 2007"
6,"Real Deal BBQ","BBQ Shack","Paola, Kansas","November 5, 2007"
7,"Talkin' Turkey","Mike's City Diner","Boston, Massachusetts","November 10, 2007"
7,"Talkin' Turkey","Willie Bird's Restaurant","Santa Rosa, California","November 10, 2007"
7,"Talkin' Turkey","Alpine Steakhouse","Sarasota, Florida","November 10, 2007"
8,"One of a Kind","JT Farnham's Seafood & Grill","Essex, Massachusetts","November 19, 2007"
8,"One of a Kind","Joe's Gizzard City","Potterville, Michigan","November 19, 2007"
8,"One of a Kind","Grubstake Diner","San Francisco, California","November 19, 2007"
8,"One of a Kind","Los Tapatios","San Jose, California","November 19, 2007"
9,"Family Owned","El Indio","San Diego, California","November 23, 2007"
9,"Family Owned","Charlie's Diner","Spencer, Massachusetts","November 23, 2007"
9,"Family Owned","Paradise Pup","Des Plaines, Illinois","November 23, 2007"
10,"Open 24/7","Studio Diner","San Diego, California","January 13, 2008"
10,"Open 24/7","White Palace Grill","Chicago, Illinois","January 13, 2008"
10,"Open 24/7","The Dining Car","Philadelphia, Pennsylvania","January 13, 2008"
11,"Off the Hook Specials","Schooner or Later","Long Beach, California","January 20, 2008"
11,"Off the Hook Specials","Grinders Pizza","Kansas City, Missouri","January 20, 2008"
11,"Off the Hook Specials","The Fly Trap","Ferndale, Michigan","January 20, 2008"
11,"Off the Hook Specials","Galewood Cook Shack","Chicago, Illinois","January 20, 2008"
12,"Burgers, Rings and Fries","Joe's Cable Car","San Francisco, California","January 21, 2008"
12,"Burgers, Rings and Fries","The Nook","St. Paul, Minnesota","January 21, 2008"
12,"Burgers, Rings and Fries","Krazy Jim's Blimpy Burger","Ann Arbor, Michigan","January 21, 2008"
13,"The New Jersey Diner Tour","Mustache Bill's","Barnegat Light, New Jersey","January 28, 2008"
13,"The New Jersey Diner Tour","Tick Tock Diner","Clifton, New Jersey","January 28, 2008"
13,"The New Jersey Diner Tour","White Manna Hamburgers","Hackensack, New Jersey","January 28, 2008"
13,"The New Jersey Diner Tour","The Ritz Diner","Livingston, New Jersey","January 28, 2008"
13,"The New Jersey Diner Tour","Hightstown Diner","Hightstown, New Jersey","January 28, 2008"
13,"The New Jersey Diner Tour","Skylark Diner","Edison, New Jersey","January 28, 2008"
13,"The New Jersey Diner Tour","Jefferson Diner","Lake Hopatcong, New Jersey","January 28, 2008"
1,"Big Breakfast","Brownstone Diner","Jersey City, New Jersey","March 10, 2008"
1,"Big Breakfast","39th Street Mama's","Kansas City, Missouri","March 10, 2008"
1,"Big Breakfast","Matt's Big Breakfast","Phoenix, Arizona","March 10, 2008"
2,"Like Mamma Made","Roberto's Mexican Food","Phoenix, Arizona","March 17, 2008"
2,"Like Mamma Made","Smokey Valley Truck Stop","Olive Hill, Kentucky","March 17, 2008"
2,"Like Mamma Made","Sweetie Pie's","St. Louis, Missouri","March 17, 2008"
3,"Regional Favorites","Charlie Parker's","Springfield, Illinois","March 24, 2008"
3,"Regional Favorites","Tecolote Café","Santa Fe, New Mexico","March 24, 2008"
3,"Regional Favorites","Virginia Diner","Wakefield, Virginia","March 24, 2008"
4,"Neighborhood Joints","Thee Pitts Again","Silverton, Colorado","March 31, 2008"
4,"Neighborhood Joints","Iron Barley","St. Louis, Missouri","March 31, 2008"
4,"Neighborhood Joints","Daddypops","Hatboro, Pennsylvania","March 31, 2008"
4,"Neighborhood Joints","The Village Café","Richmond, Virginia","March 31, 2008"
5,"A World of Flavors","Chino Bandido","Phoenix, Arizona","April 7, 2008"
5,"A World of Flavors","Marietta Diner","Marietta, Georgia","April 7, 2008"
5,"A World of Flavors","YJ's Snack Bar","Kansas City, Missouri","April 7, 2008"
6,"Something Different","Scully's Tavern","Miami, Florida","April 14, 2008"
6,"Something Different","Dot's Back Inn","Richmond, Virginia","April 14, 2008"
6,"Something Different","Hillbilly Hot Dogs","Lesage, West Virginia","April 14, 2008"
7,"American Classics","11th Street Diner","Miami Beach, Florida","May 18, 2008"
7,"American Classics","Bobo Drive-In","Topeka, Kansas","May 18, 2008"
7,"American Classics","Little Tea Shop","Memphis, Tennessee","May 18, 2008"
8,"Real Deal Fast Food","Panini Pete's","Fairhope, Alabama","May 19, 2008"
8,"Real Deal Fast Food","Joe's Farm Grill","Gilbert, Arizona","May 19, 2008"
8,"Real Deal Fast Food","Maria's Taco Express","Austin, Texas","May 19, 2008"
9,"The Memphis BBQ Tour","Cozy Corner","Memphis, Tennessee","May 26, 2008"
9,"The Memphis BBQ Tour","Leonard's BBQ","Memphis, Tennessee","May 26, 2008"
9,"The Memphis BBQ Tour","Marlowe's Ribs","Memphis, Tennessee","May 26, 2008"
9,"The Memphis BBQ Tour","Tom's Bar-B-Q","Memphis, Tennessee","May 26, 2008"
10,"Comfort Food","Grampa's Bakery & Restaurant","Dania Beach, Florida","June 15, 2008"
10,"Comfort Food","Blue Moon Café","Baltimore, Maryland","June 15, 2008"
10,"Comfort Food","Central City Cafe","Huntington, West Virginia","June 15, 2008"
10,"Comfort Food","Tip Top Café","San Antonio, Texas","June 15, 2008"
11,"Where The Locals Go","Matthews Cafeteria","Tucker, Georgia","June 23, 2008"
11,"Where The Locals Go","The Rivershack Tavern","Jefferson, Louisiana","June 23, 2008"
11,"Where The Locals Go","Monte Carlo Steak House","Albuquerque, New Mexico","June 23, 2008"
12,"All Kinds of BBQ","The Joint","New Orleans, Louisiana","June 30, 2008"
12,"All Kinds of BBQ","The Shed","Ocean Springs, Mississippi","June 30, 2008"
12,"All Kinds of BBQ","Texas Pride BBQ","Adkins, Texas","June 30, 2008"
13,"In the Family","Benny's Seafood Restaurant","South Miami, Florida","July 7, 2008"
13,"In the Family","Chaps Pit Beef","Baltimore, Maryland","July 7, 2008"
13,"In the Family","Burger Bar","Roy, Utah","July 7, 2008"
1,"Brain Freeze","Doumar's","Norfolk, Virginia","July 14, 2008"
1,"Brain Freeze","Aunt Lena's Creamery","Chandler, Arizona","July 14, 2008"
1,"Brain Freeze","The Creole Creamery","New Orleans, Louisiana","July 14, 2008"
2,"Diners You Sent Me To","Town Talk Diner","Minneapolis, Minnesota","July 21, 2008"
2,"Diners You Sent Me To","Blue Plate Diner","Salt Lake City, Utah","July 21, 2008"
2,"Diners You Sent Me To","Broadway Diner","Baltimore, Maryland","July 21, 2008"
3,"Bar Food","The Highlander","Atlanta, Georgia","July 28, 2008"
3,"Bar Food","Gumbo Shack","Fairhope, Alabama","July 28, 2008"
3,"Bar Food","Starlite Lounge","Blawnox, Pennsylvania","July 28, 2008"
4,"Burgers and Dogs","The Wienery","Minneapolis, Minnesota","August 4, 2008"
4,"Burgers and Dogs","Casino El Camino","Austin, Texas","August 4, 2008"
4,"Burgers and Dogs","G&A Restaurant","Baltimore, Maryland","August 4, 2008"
5,"Where the Locals Eat","Uncle Lou's","Memphis, Tennessee","August 11, 2008"
5,"Where the Locals Eat","Captain Chuck A Mucks","Rescue, Virginia","August 11, 2008"
5,"Where the Locals Eat","Dixie Quicks","Omaha, Nebraska","August 11, 2008"
6,"Totally Unexpected","Cabbage Town Market","Atlanta, Georgia","August 18, 2008"
6,"Totally Unexpected","The Cove","San Antonio, Texas","August 18, 2008"
6,"Totally Unexpected","Bryant-Lake Bowl","Minneapolis, Minnesota","August 18, 2008"
7,"A Taste of Everywhere","Jamaica Kitchen","Kendale Lakes, Florida","September 15, 2008"
7,"A Taste of Everywhere","Crystal Restaurant","Pittsburgh, Pennsylvania","September 15, 2008"
7,"A Taste of Everywhere","Red Iguana","Salt Lake City, Utah","September 15, 2008"
8,"Better Than Ever","Colonnade","Atlanta, Georgia","September 22, 2008"
8,"Better Than Ever","Manci's Antique Club","Daphne, Alabama","September 22, 2008"
8,"Better Than Ever","Amato's","Omaha, Nebraska","September 22, 2008"
9,"Big Flavor","Darwell's Café","Long Beach, Mississippi","September 29, 2008"
9,"Big Flavor","Brick Oven Pizza","Baltimore, Maryland","September 29, 2008"
9,"Big Flavor","Victor's 1959 Café","Minneapolis, Minnesota","September 29, 2008"
10,"Cookin' It Old School","Nadine's Restaurant","Pittsburgh, Pennsylvania","October 6, 2008"
10,"Cookin' It Old School","Casamento's Restaurant","New Orleans, Louisiana","October 6, 2008"
10,"Cookin' It Old School","Big Mama's Kitchen & Catering","Omaha, Nebraska","October 6, 2008"
11,"Grabbin'a Sandwich","Moochie's Meatballs & More","Salt Lake City, Utah","October 13, 2008"
11,"Grabbin'a Sandwich","Cemitas Puebla","Chicago, Illinois","October 13, 2008"
11,"Grabbin'a Sandwich","Tioli's Crazee Burger","San Diego, California","October 13, 2008"
12,"Traditional Dishes","Donatelli's","White Bear Lake, Minnesota","November 3, 2008"
12,"Traditional Dishes","Stoney Creek Inn","Baltimore, Maryland","November 3, 2008"
12,"Traditional Dishes","Alcenia's","Memphis, Tennessee","November 3, 2008"
13,"Doin' Their Own Thing","Lone Star Taqueria","Salt Lake City, Utah","November 10, 2008"
13,"Doin' Their Own Thing","Modern Café","Minneapolis, Minnesota","November 10, 2008"
13,"Doin' Their Own Thing","Brewburger's","Omaha, Nebraska","November 10, 2008"
1,"What’s For Breakfast","Surrey’s Café","New Orleans, Louisiana","November 10, 2008"
1,"What’s For Breakfast","Harry’s Roadhouse","Santa Fe, New Mexico","November 10, 2008"
1,"What’s For Breakfast","Dor-Stop Restaurant","Pittsburgh, Pennsylvania","November 10, 2008"
2,"Real Deal Italian","LoBello’s Spaghetti House","Coraopolis, Pennsylvania","November 17, 2008"
2,"Real Deal Italian","Di Pasquale’s","Baltimore, Maryland","November 17, 2008"
2,"Real Deal Italian","Pizzeria Luigi","San Diego, California","November 17, 2008"
3,"Not What You’d Expect","Sophia’s Place","Albuquerque, New Mexico","November 24, 2008"
3,"Not What You’d Expect","Magnolia Café","Austin, Texas","November 24, 2008"
3,"Not What You’d Expect","Glenn’s Diner","Chicago, Illinois","November 24, 2008"
4,"Places You Sent Me","Ruth’s Diner","Salt Lake City, Utah","December 1, 2008"
4,"Places You Sent Me","O’Rourke’s Diner","Middletown, Connecticut","December 1, 2008"
4,"Places You Sent Me","Parasol’s","New Orleans, Louisiana","December 1, 2008"
5,"Long Time Legends","Tommy’s Joynt","San Francisco, California","January 5, 2009"
5,"Long Time Legends","Joe Tess Place","Omaha, Nebraska","January 5, 2009"
5,"Long Time Legends","Big Jim’s","Pittsburgh, Pennsylvania","January 5, 2009"
6,"Something from Everywhere","Valencia Luncheria","Norwalk, Connecticut","January 12, 2009"
6,"Something from Everywhere","The Original Vito & Nick’s Pizzeria","Chicago, Illinois","January 12, 2009"
6,"Something from Everywhere","Emily’s Lebanese Delicatessen","Minneapolis, Minnesota","January 12, 2009"
7,"Neighborhood Favorites","Pat’s BBQ","Salt Lake City, Utah","January 19, 2009"
7,"Neighborhood Favorites","Blow Fly Inn","Gulfport, Mississippi","January 19, 2009"
7,"Neighborhood Favorites","Tune-Up Café","Santa Fe, New Mexico","January 19, 2009"
8,"Just Like Yesterday","Hob Nob Hill","San Diego, California","January 26, 2009"
8,"Just Like Yesterday","The Silver Skillet","Atlanta, Georgia","January 26, 2009"
8,"Just Like Yesterday","Tufano’s Vernon Park Tap","Chicago, Illinois","January 26, 2009"
9,"Return to Route 66","Standard Diner","Albuquerque, New Mexico","February 2, 2009"
9,"Return to Route 66","Dell Rhea's Chicken Basket","Willowbrook, Illinois","February 2, 2009"
9,"Return to Route 66","Salsa Brava","Flagstaff, Arizona","February 2, 2009"
10,"Smokin' BBQ","Green Mesquite","Austin, Texas","February 9. 2009"
10,"Smokin' BBQ","Gorilla BBQ","Pacifica, California","February 9. 2009"
10,"Smokin' BBQ","Wilson’s Holy Smoke BBQ","Fairfield, Connecticut","February 9. 2009"
11,"Regional Classics","Cecilia’s Café","Albuquerque, New Mexico","February 16, 2009"
11,"Regional Classics","Joey K’s Restaurant & Bar","New Orleans, Louisiana","February 16, 2009"
11,"Regional Classics","Kelly O’s Diner","Pittsburgh, Pennsylvania","February 16, 2009"
12,"All Kinds of Fast Food","Super Duper Weenie","Fairfield, Connecticut","March 16, 2009"
12,"All Kinds of Fast Food","California Tacos","Omaha, Nebraska","March 16, 2009"
12,"All Kinds of Fast Food","Bert’s Burger Bowl","Santa Fe, New Mexico","March 16, 2009"
13,"Family Favorites","Giusti’s","Walnut Grove, California","March 23, 2009"
13,"Family Favorites","Haus Murphy’s","Glendale, Arizona","March 23, 2009"
13,"Family Favorites","Louie’s","Dallas, Texas","March 23, 2009"
1,"Funky Joints","Bizzaro Café","Seattle, Washington","April 6, 2009"
1,"Funky Joints","Chef Point Café","Wautaga, Texas","April 6, 2009"
1,"Funky Joints","Jamie’s Bar & Grill","Sacramento, California","April 6, 2009"
2,"Their Own Way","Bluewater Seafood Market & Grill","San Diego, California","April 13, 2009"
2,"Their Own Way","Brandy’s Restaurant & Bakery","Flagstaff, Arizona","April 13, 2009"
2,"Their Own Way","Kuma’s Corner","Chicago, Illinois","April 13, 2009"
3,"A Little Bit of Everywhere","Bar Gernika","Boise, Idaho","April 20, 2009"
3,"A Little Bit of Everywhere","Café Rolle","Sacramento, California","April 20, 2009"
3,"A Little Bit of Everywhere","Havana Hideout","Lake Worth, Florida","April 20, 2009"
4,"A Burger, A Bowl and a Slice","La Piazza Al Forno","Glendale, Arizona","April 27, 2009"
4,"A Burger, A Bowl and a Slice","Slim’s Last Chance Chili Shack & Watering Hole","Seattle, Washington","April 27, 2009"
4,"A Burger, A Bowl and a Slice","Twisted Root Beer Co.","Dallas, Texas","April 27, 2009"
5,"Biscuits, Bagels and BLTs","Arleta Library, Bakery & Café","Portland, Oregon","May 4, 2009"
5,"Biscuits, Bagels and BLTs","Bubba’s Diner","San Anselmo, California","May 4, 2009"
5,"Biscuits, Bagels and BLTs","Flakowitz of Boynton Bakery & Deli Restaurant","Boynton Beach, Florida","May 4, 2009"
6,"Who’Da Thunk It","Backroad Pizza","Santa Fe, New Mexico","May 11, 2009"
6,"Who’Da Thunk It","Jamaica Gates Caribbean Cuisine","Arlington, Texas","May 11, 2009"
6,"Who’Da Thunk It","Chef Lou’s Westside Drive-In","Boise, Idaho","May 11, 2009"
7,"Go-To Joints","Black Duck Café","Westport, Connecticut","May 25, 2009"
7,"Go-To Joints","Otto’s Sausage Kitchen & Meat Market","Portland, Oregon","May 25, 2009"
7,"Go-To Joints","Sol Food Puerto Rican Cuisine","San Rafael, California","May 25, 2009"
8,"Homestyle","Giuseppe’s Restaurant","Phoenix, Arizona","June 1, 2009"
8,"Homestyle","Southern Kitchen Restaurant","Tacoma, Washington","June 1, 2009"
8,"Homestyle","Zia Diner & Angel Food Catering","Santa Fe, New Mexico","June 1, 2009"
9,"All Kinds of Classics","Blue Marlin Fish House Restaurant","North Miami Beach, Florida","June 8, 2009"
9,"All Kinds of Classics","Fred’s Texas Café","Fort Worth, Texas","June 8, 2009"
9,"All Kinds of Classics","Pine State Biscuits","Portland, Oregon","June 8, 2009"
10,"All Over The Map","Georgia Greek Restaurant & Deli","Seattle, Washington","June 15, 2009"
10,"All Over The Map","Los Tacquitos Grill","Phoenix, Arizona","June 15, 2009"
10,"All Over The Map","Rocco’s Café","San Francisco, California","June 15, 2009"
11,"Old Time Favorites","Blueplate Lunch Counter & Soda Fountain","Portland, Oregon","June 22, 2009"
11,"Old Time Favorites","Don’s Hilltop Kodiak Grill","Boise, Idaho","June 22, 2009"
11,"Old Time Favorites","La Camoronera Restaurant & Fish Market","Miami, Florida","June 22, 2009"
12,"Comfort Cookin’","Dottie’s True Blue Café","San Francisco, California","June 29, 2009"
12,"Comfort Cookin’","Over Easy","Phoenix, Arizona","June 29, 2009"
12,"Comfort Cookin’","Comet Café","Milwaukee, Wisconsin","June 29, 2009"
13,"Mama’s Cookin’","Polka Restaurant & Catering","Los Angeles, California","July 27, 2009"
13,"Mama’s Cookin’","Avila’s Café","Dallas, Texas","July 27, 2009"
13,"Mama’s Cookin’","Mama E's","Oklahoma City","July 27, 2009"
1,"Upper Crust","Bunk Sandwiches","Portland, Oregon","August 3, 2009"
1,"Upper Crust","Sonny’s Famous Steak Hogies","Hollywood, Florida","August 3, 2009"
1,"Upper Crust","The Depot American Diner","Chicago, Illinois","August 3, 2009"
2,"Burgers, Tacos & Dogs","Lankford Grocery","Houston, Texas","August 10, 2009"
2,"Burgers, Tacos & Dogs","Fab Hot Dogs","Reseda, California","August 10, 2009"
2,"Burgers, Tacos & Dogs","Cempazuchi","Milwaukee, Wisconsin","August 10, 2009"
3,"Name That Cook","Rick’s Press Room & Grill","Meridian, Idaho","August 17, 2009"
3,"Name That Cook","Nic’s Grill","Oklahoma City, Oklahoma","August 17, 2009"
3,"Name That Cook","Pam’s Kitchen","Seattle, Washington","August 17, 2009"
4,"Global Grub","Prince Lebanese Grill","Arlington, Texas","August 24, 2009"
4,"Global Grub","Tre Kronor","Chicago, Illinois","August 24, 2009"
4,"Global Grub","La Texanita","Santa Rosa, California","August 24, 2009"
5,"Only At This Joint","Podnah’s Pit Barbeque","Portland, Oregon","August 31, 2009"
5,"Only At This Joint","Donnie Mac’s Trailer Park Cuisine","Boise, Idaho","August 31, 2009"
5,"Only At This Joint","Whale’s Rib","Deerfield Beach, Florida","August 31, 2009"
6,"You Picked ‘Em","Eischen’s Bar & Grill","Okarche, Oklahoma","September 7, 2009"
6,"You Picked ‘Em","Mom’s Tamales","Los Angeles, California","September 7, 2009"
6,"You Picked ‘Em","Kenny & Ziggy’s","Houston, Texas","September 7, 2009"
7,"You Can Say That Again","Tap Tap Haitian Restaurant","Miami Beach, Florida","October 5, 2009"
7,"You Can Say That Again","Pok Pok","Portland, Oregon","October 5, 2009"
7,"You Can Say That Again","Niko Niko’s","Houston, Texas","October 5, 2009"
8,"Barbequed, Baked & Brined","Honky Tonk BBQ","Chicago, Illinois","October 12, 2009"
8,"Barbequed, Baked & Brined","Pizzalchik","Boise, Idaho","October 12, 2009"
8,"Barbequed, Baked & Brined","Lucky’s Café","Cleveland, Ohio","October 12, 2009"
9,"Blast from the Past","Cattlemen's Steakhouse","Oklahoma City, Oklahoma","October 19, 2009"
9,"Blast from the Past","Sam LaGrassa's","Boston, Massachusetts","October 19, 2009"
9,"Blast from the Past","Nickel Diner","Los Angeles, California","October 19, 2009"
10,"Dives Worth a Drive","Parkview Nightclub","Cleveland, Ohio","October 26, 2009"
10,"Dives Worth a Drive","The Shanty","Wadsworth, Illinois","October 26, 2009"
10,"Dives Worth a Drive","Grover’s Bar & Grill","East Amherst, New York","October 26, 2009"
11,"Family Style","Louis Family Restaurant","Providence, Rhode Island","November 2, 2009"
11,"Family Style","Café Pita+","Houston, Texas","November 2, 2009"
11,"Family Style","Mambos Café","Glendale, California","November 2, 2009"
12,"Diners Times Three","The Little Depot Diner","Peabody, Massachusetts","November 9, 2009"
12,"Diners Times Three","Santa Cruz Diner","Santa Cruz, California","November 9, 2009"
12,"Diners Times Three","The Diner","Norman, Oklahoma","November 9, 2009"
13,"Legacies","Lake Effect Diner","Buffalo, New York","November 16, 2009"
13,"Legacies","Geraci’s Restaurant","Cleveland, Ohio","November 16, 2009"
13,"Legacies","Morin’s Hometown Bar & Grill","Attleboro, Massachusetts","November 16, 2009"
1,"Burgers, Steaks & Chops","Mr. Bartley’s Gourmet Burgers","Cambridge, Massachusetts","November 23, 2009"
1,"Burgers, Steaks & Chops","T-Bone Tom’s Steakhouse","Kemah, Texas","November 23, 2009"
1,"Burgers, Steaks & Chops","Tee Off Bar & Grill","San Francisco, California","November 23, 2009"
2,"Pizza, Pork & Paprikash","Pizza Junction","North Tonawanda, New York","January 11, 2010"
2,"Pizza, Pork & Paprikash","Sterle’s Slovenian Country House","Cleveland, Ohio","January 11, 2010"
2,"Pizza, Pork & Paprikash","Q Restaurant","San Francisco, California","January 11, 2010"
3,"Stacked, Stuffed & Loaded","Bob’s Taco Station","Rosenberg, Texas","January 18, 2010"
3,"Stacked, Stuffed & Loaded","Crazy Burger Café & Juice Bar","Narragansett, Rhode Island","January 18, 2010"
3,"Stacked, Stuffed & Loaded","The Oinkster","Eagle Rock, California","January 18, 2010"
4,"Triple D Goes Tailgatin’","Rudy’s Can’t Fail Cafe","Emeryville, California","January 25, 2010"
4,"Triple D Goes Tailgatin’","900 Grayson Restaurant","Berkeley, California","January 25, 2010"
4,"Triple D Goes Tailgatin’","Rick & Ann’s Restaurant","Berkeley, California","January 25, 2010"
5,"Home And Away","Taste of Peru","Chicago, Illinois","February 1, 2010"
5,"Home And Away","Ingrid’s Kitchen","Oklahoma City, Oklahoma","February 1, 2010"
5,"Home And Away","Blackthorn Restaurant & Pub","Buffalo, New York","February 1, 2010"
6,"By Request","South 21 Drive-In","Charlotte, North Carolina","February 8, 2010"
6,"By Request","Red Lion Pub & Restaurant","Houston, Texas","February 8, 2010"
6,"By Request","Melt Bar & Grilled","Lakewood, Ohio","February 8, 2010"
7,"And The Kicker Is...","Pawley’s Front Porch","Columbia, South Carolina","February 15, 2010"
7,"And The Kicker Is...","Sophia Restaurant","Buffalo, New York","February 15, 2010"
7,"And The Kicker Is...","Bette’s Oceanview Diner","Berkeley, California","February 15, 2010"
8,"Comfort Food Classics","The Liberty Elm Diner","Providence, Rhode Island","February 22, 2010"
8,"Comfort Food Classics","Naglee Park Garage","San Jose, California","February 22, 2010"
8,"Comfort Food Classics","Dish","Charlotte, North Carolina","February 22, 2010"
9,"Twists And Traditions","Earl’s Drive-In","Chaffee, New York","March 22, 2010"
9,"Twists And Traditions","Aldo’s Harbor Restaurant","Santa Cruz, California","March 22, 2010"
9,"Twists And Traditions","Momocho","Cleveland, Ohio","March 22, 2010"
10,"Fresh And Funky","Dish Café & Catering","Reno, Nevada","March 29, 2010"
10,"Fresh And Funky","Landmark Restaurant","Charlotte, North Carolina","March 29, 2010"
10,"Fresh And Funky","Pier 23 Café","San Francisco, California","March 29, 2010"
11,"Triple D Goes Hawaiian","Highway Inn & Ho’okipa Catering","Waipahu, Hawaii","April 5, 2010"
11,"Triple D Goes Hawaiian","Hank’s Haute Dogs","Honolulu, Hawaii","April 5, 2010"
11,"Triple D Goes Hawaiian","Nico’s Pier 38","Honolulu, Hawaii","April 5, 2010"
11,"Triple D Goes Hawaiian","Germaine’s Luau","Kapolei, Hawaii","April 5, 2010"
1,"Surf ‘n Turf","North End Café","Manhattan Beach, California","April 27, 2010"
1,"Surf ‘n Turf","Gold ‘N Silver Inn","Reno, Nevada","April 27, 2010"
1,"Surf ‘n Turf","Singleton’s Seafood Shack","Atlantic Beach, Florida","April 27, 2010"
2,"Homegrown & Homemade","The Farmer’s Shed","Lexington, South Carolina","May 3, 2010"
2,"Homegrown & Homemade","Poke Stop at Mililana Mauka Llc.","Mililani, Hawaii","May 3, 2010"
2,"Homegrown & Homemade","Mulberry Café","Lackawanna, New York","May 3, 2010"
3,"Globetrottin’","Louis’ Basque Corner","Reno, Nevada","May 10, 2010"
3,"Globetrottin’","13 Gypsies","Jacksonville, Florida","May 10, 2010"
3,"Globetrottin’","Gloria’s Café","Los Angeles, California","May 10, 2010"
4,"Bringin’ It Home","Café Citti","Kenwood, California","May 17, 2010"
4,"Bringin’ It Home","Cabo Fish Taco","Charlotte, North Carolina","May 17, 2010"
4,"Bringin’ It Home","Murphy’s Bar & Grill","Honolulu, Hawaii","May 17, 2010"
5,"Porkapalooza","At Last Café","Long Beach, California","May 24, 2010"
5,"Porkapalooza","Virgil’s Café","Bellevue, Kentucky","May 24, 2010"
5,"Porkapalooza","Martin’s Bar-B-Que Joint","Nolensville, Tennessee","May 24, 2010"
6,"Grilled, Smoked & Sauced","Terry’s Turf Club","Cincinnati, Ohio","May 31, 2010"
6,"Grilled, Smoked & Sauced","Schellville Grille","Sonoma, California","May 31, 2010"
6,"Grilled, Smoked & Sauced","Jake’s Good Eats","Charlotte, North Carolina","May 31, 2010"
7,"Comfort Food With Attitude","Jax At The Trax","Truckee, California","June 7, 2010"
7,"Comfort Food With Attitude","Culhane’s Irish Pub","Atlantic Beach, Florida","June 7, 2010"
7,"Comfort Food With Attitude","Blue Ash Chili Restaurant","Cincinnati, Ohio","June 7, 2010"
8,"Fast Food Their Way","Don Chow Tacos","Los Angeles, California","June 21, 2010"
8,"Fast Food Their Way","Rainbow Drive-In","Honolulu, Hawaii","June 21, 2010"
8,"Fast Food Their Way","Northern Waters Smokehaus","Duluth, Minnesota","June 21, 2010"
9,"Farm To Table","Blackwater Grill","St. Simons Island, Georgia","June 28, 2010"
9,"Farm To Table","Comet Ping Pong","Washington D.C.","June 28, 2010"
9,"Farm To Table","Wallace Station","Versailles, Kentucky","June 28, 2010"
10,"Kansas City Barbeque Tour","Smokin’ Guns BBQ","North Kansas City, Missouri","July 12, 2010"
10,"Kansas City Barbeque Tour","RJ’s Bob-Be-Que Shack","Mission, Kansas","July 12, 2010"
10,"Kansas City Barbeque Tour","Johnny’s Bar-B-Q","Mission, Kansas","July 12, 2010"
10,"Kansas City Barbeque Tour","Woodyard Bar-B-Que","Kansas City, Kansas","July 12, 2010"
11,"Burgers ‘n More","Swagger Fine Spirits & Food","Kansas City, Missouri","July 19, 2010"
11,"Burgers ‘n More","Burger Me!","Truckee, California","July 19, 2010"
11,"Burgers ‘n More","Athens Family Restaurant","Nashville, Tennessee","July 19, 2010"
12,"You Called It","Paul’s Coffee Shop","Fountain Valley, California","July 26, 2010"
12,"You Called It","Rick’s White Light Diner","Frankfort, Kentucky","July 26, 2010"
12,"You Called It","Gordy’s Hi-Hat","Cloquet, Minnesota","July 26, 2010"
13,"Old Time Attitude","Arnold’s Country Kitchen","Nashville, Tennessee","August 9, 2010"
13,"Old Time Attitude","Southern Soul Barbeque","St. Simons Island, Georgia","August 9, 2010"
13,"Old Time Attitude","Maine Diner","Wells, Maine","August 9, 2010"
1,"Family Joints","Kramarczuk’s","Minneapolis, Minnesota","August 30, 2010"
1,"Family Joints","Happy Gillis Café & Hangout","Kansas City, Missouri","August 30, 2010"
1,"Family Joints","Hillbilly Hot Dogs","Lesage, West Virginia","August 30, 2010"
2,"Tried and True","Mama Cozza’s","Anaheim, California","September 9, 2010"
2,"Tried and True","Tune In Restaurant","Washington D.C.","September 9, 2010"
2,"Tried and True","Bob’s Clam Hut","Kittery, Maine","September 9, 2010"
3,"Timeless","Greek Corner Restaurant","Cambridge, Massachusetts","September 13, 2010"
3,"Timeless","Bro’s Cajun Cuisine","Nashville, Tennessee","September 13, 2010"
3,"Timeless","The General Store","Silver Spring, Maryland","September 13, 2010"
4,"You Found ‘Em","Parkette Drive In","Lexington, Kentucky","September 20, 2010"
4,"You Found ‘Em","Metro Diner","Jacksonville, Florida","September 20, 2010"
4,"You Found ‘Em","Al’s Breakfast","Minneapolis, Minnesota","September 20, 2010"
5,"Wings, Dogs and Claws","The Lobster Shanty","Salem, Massachusetts","September 27, 2010"
5,"Wings, Dogs and Claws","The Brick","Kansas City, Missouri","September 27, 2010"
5,"Wings, Dogs and Claws","Oohh’s & Aahh’s Gourmet Deli","Washington D.C.","September 27, 2010"
6,"Sauced and Spiced","J.J. McBrewster’s","Lexington, Kentucky","October 4, 2010"
6,"Sauced and Spiced","At Sara’s Table Chester Creek Café","Duluth, Minnesota","October 4, 2010"
6,"Sauced and Spiced","Café Rakka","Hendersonville, Tennessee","October 4, 2010"
7,"Made to Order","Rino’s Place","East Boston, Massachusetts","October 25, 2010"
7,"Made to Order","The Blue Door Pub","St. Paul, Minnesota","October 25, 2010"
7,"Made to Order","Bay Way Diner","Linden, New Jersey","October 25, 2010"
8,"Fresh, Filled and Fried","Chaps Coffee Co.","Spokane, Washington","November 1, 2010"
8,"Fresh, Filled and Fried","Good Dog Bar & Restaurant","Philadelphia, Pennsylvania","November 1, 2010"
8,"Fresh, Filled and Fried","Porthole Restaurant","Portland, Maine","November 1, 2010"
9,"Gone Global","LaCaraquena","Falls Church, Virginia","November 8, 2010"
9,"Gone Global","Savarino’s Cucina","Nashville, Tennessee","November 8, 2010"
9,"Gone Global","Brats Brothers","Sherman Oaks, California","November 8, 2010"
10,"A Triple D Thanksgiving","George’s Place","Cape May, New Jersey","November 15, 2010"
10,"A Triple D Thanksgiving","Becky’s Diner","Portland, Maine","November 15, 2010"
10,"A Triple D Thanksgiving","Sammy’s Food Service & Deli","New Orleans, Louisiana","November 15, 2010"
11,"Sweet ‘n Savory","Meal Ticket","Berkeley, California","November 26, 2010"
11,"Sweet ‘n Savory","Metro 29 Diner","Arlington, Virginia","November 26, 2010"
11,"Sweet ‘n Savory","Duluth Grill","Duluth, Minnesota","November 26, 2010"
12,"Wings ‘n Things","10th Avenue Burrito","Belmar, New Jersey","December 13, 2010"
12,"Wings ‘n Things","Capone’s Pub","Coeur d’Alene, Idaho","December 13, 2010"
12,"Wings ‘n Things","Jamaicaway","Nashville, Tennessee","December 13, 2010"
13,"Sandwiches Plus","Elk Public House","Spokane, Washington","December 18, 2010"
13,"Sandwiches Plus","Colossal Café","Minneapolis, Minnesota","December 18, 2010"
13,"Sandwiches Plus","Maui’s Dog House","Wildwood, New Jersey","December 18, 2010"
1,"From Pork to Tofu","Tortilla Café","Washington D.C.","January 3, 2011"
1,"From Pork to Tofu","Memphis Taproom","Philadelphia, Pennsylvania","January 3, 2011"
1,"From Pork to Tofu","The Golden Bear","Sacramento, California","January 3, 2011"
2,"Po’ Boys, Pasta & Pork","Mahoney’s Po-Boy Shop","New Orleans, Louisiana","January 10, 2011"
2,"Po’ Boys, Pasta & Pork","Hill’s Restaurant & Lounge","Spokane, Washington","January 10, 2011"
2,"Po’ Boys, Pasta & Pork","Q Fanatic BBQ","Champlin, Minnesota","January 10, 2011"
3,"Funky Finds","Sage General Store","Queens, New York","January 17, 2011"
3,"Funky Finds","Quahog’s Seafood Shack","Stone Harbor, New Jersey","January 17, 2011"
3,"Funky Finds","W.O.W. - Worth Our Weight","Santa Rosa, California","January 17, 2011"
4,"Quirky Classics","Louie & The Red Head Lady","Mandeville, Louisiana","January 24, 2011"
4,"Quirky Classics","Honey’s Sit-N-Eat","Philadelphia, Pennsylvania","January 24, 2011"
4,"Quirky Classics","Picabu Neighborhood Bistro","Spokane, Washington","January 24, 2011"
5,"A Little Twisted","The Pit Stop","Merrick, New York","January 31, 2011"
5,"A Little Twisted","Gatsby’s Diner","Sacramento, California","January 31, 2011"
5,"A Little Twisted","Anchor Bar","Superior, Wisconsin","January 31, 2011"
6,"Signature Sandwiches","La Pines Café","Slidell, Louisiana","February 7, 2011"
6,"Signature Sandwiches","Steuben’s Food Service","Denver, Colorado","February 7, 2011"
6,"Signature Sandwiches","3 Sisters Café","Indianapolis, Indiana","February 7, 2011"
7,"Favorites With A Twist","Jimmy’s Down the Street","Coeur d’Alene, Idaho","February 28, 2011"
7,"Favorites With A Twist","Aunt Mary’s Café","Oakland, California","February 28, 2011"
7,"Favorites With A Twist","Corey’s Catsup & Mustard","Manchester, Connecticut","February 28, 2011"
8,"Soup & Sandwiches","Pineville Tavern","Pineville, Pennsylvania","March 7, 2011"
8,"Soup & Sandwiches","Indy’s Historic Steer-In Restaurant","Indianapolis, Indiana","March 7, 2011"
8,"Soup & Sandwiches","Dad’s Kitchen","Sacramento, California","March 7, 2011"
9,"From Crepes to Kreplach","Ben’s Best Deli","Queens, New York","March 14, 2011"
9,"From Crepes to Kreplach","Foolish Craig’s Café","Boulder, Colorado","March 14, 2011"
9,"From Crepes to Kreplach","Waddell’s Pub & Grille","Spokane, Washington","March 14, 2011"
10,"Fully Loaded","Katie’s Restaurant","New Orleans, Louisiana","March 21, 2011"
10,"Fully Loaded","Jersey Café","Carmel, Indiana","March 21, 2011"
10,"Fully Loaded","Merritt Canteen Inc.","Bridgeport, Connecticut","March 21, 2011"
11,"From Mozz to Matzo Balls","Sunflower Café","Sonoma, California","March 28, 2011"
11,"From Mozz to Matzo Balls","Hildebrandt’s","Williston Park, New York","March 28, 2011"
11,"From Mozz to Matzo Balls","The Bagel Delicatessen & Restaurant","Denver, Colorado","March 28, 2011"
12,"Signature Twists","The Barking Dog","Indianapolis, Indiana","April 4, 2011"
12,"Signature Twists","Putah Creek Café","Winters, California","April 4, 2011"
12,"Signature Twists","The Old Coffee Pot Restaurant","New Orleans, Louisiana","April 4, 2011"
13,"Porktastic","Jimtown Store","Healdsburg, California","April 11, 2011"
13,"Porktastic","Dough Pizzeria Napoletana","San Antonio, Texas","April 11, 2011"
13,"Porktastic","Sam’s No. 3","Denver, Colorado","April 11, 2011"
1,"Bar Food and Bon Bons","The Sparrow Tavern","Queens, New York","May 9, 2011"
1,"Bar Food and Bon Bons","Catelli’s","Geyserville, California","May 9, 2011"
1,"Bar Food and Bon Bons","Zest","Indianapolis, Indiana","May 9, 2011"
2,"From Kraut to Couscous","Lauer-Krauts","Brighton, Colorado","May 16, 2011"
2,"From Kraut to Couscous","Moroccan Bites","San Antonio, Texas","May 16, 2011"
2,"From Kraut to Couscous","California Tacos To Go","Tampa, Florida","May 16, 2011"
3,"You Can Only Get It Here","HRD Coffee Shop","San Francisco, California","May 23, 2011"
3,"You Can Only Get It Here","The Tamale Place","Indianapolis, Indiana","May 23, 2011"
3,"You Can Only Get It Here","Garifuna Flava","Chicago, Illinois","May 23, 2011"
4,"Grillin’ and Smokin’","Bun ‘N Barrel","San Antonio, Texas","September 12, 2011"
4,"Grillin’ and Smokin’","Tocabe American Indian Eatery","Denver, Colorado","September 12, 2011"
4,"Grillin’ and Smokin’","Munch’s Restaurant & Sundries","St. Petersburg, Florida","September 12, 2011"
5,"Southern Flavor","Broken Record","San Francisco, California","September 19, 2011"
5,"Southern Flavor","Bang!","Denver, Colorado","September 19, 2011"
5,"Southern Flavor","Jose’s Real Cuban Food","Bradenton, Florida","September 19, 2011"
6,"Gettin’ Fresh","The Sink","Boulder, Colorado","September 26, 2011"
6,"Gettin’ Fresh","Nana Organic","Chicago, Illinois","September 26, 2011"
6,"Gettin’ Fresh","Get Fresh Café","Norfolk, Virginia","September 26, 2011"
7,"Homemade & Homebrewed","Tampa Bay Brewing Co.","Tampa, Florida","October 3, 2011"
7,"Homemade & Homebrewed","Zydeco’s","Mooresville, Indiana","October 3, 2011"
7,"Homemade & Homebrewed","Chilam Balam","Chicago, Illinois","October 3, 2011"
8,"Latin Street Food","Irazu","Chicago, Illinois","October 10, 2011"
8,"Latin Street Food","Beto’s Comida Latina","San Antonio, Texas","October 10, 2011"
8,"Latin Street Food","Tortilleria Nixtamal","Queens, New York","October 10, 2011"
9,"Slammin' Sammies","Taco Taco Mexican Restaurant","San Antonio, Texas","October 17, 2011"
9,"Slammin' Sammies","Whitner's Barbeque","Virginia Beach, Virginia","October 17, 2011"
9,"Slammin' Sammies","DMK Burger Bar","Chicago, Illinois","October 17, 2011"
10,"Global Comfort","Rigoletto Italian Bakery & Café","Virginia Beach, Virginia","October 24, 2011"
10,"Global Comfort","Chuck’s Southern Comforts Café","Burbank, Illinois","October 24, 2011"
10,"Global Comfort","El Bohio","San Antonio, Texas","October 24, 2011"
11,"Breakfast, Lunch & Dinner","Magnolia Pancake Haus","San Antonio, Texas","October 31, 2011"
11,"Breakfast, Lunch & Dinner","Taco Bus","Tampa, Florida","October 31, 2011"
11,"Breakfast, Lunch & Dinner","Beach Pub","Virginia Beach, Virginia","October 31, 2011"
12,"Pizza, Pancakes & Pork","Supino Pizzeria","Detroit, Michigan","November 7, 2011"
12,"Pizza, Pancakes & Pork","Big & Littles","Chicago, Illinois","November 7, 2011"
12,"Pizza, Pancakes & Pork","Citrus Breakfast & Lunch","Virginia Beach, Virginia","November 7, 2011"
13,"Old to New","Polish Village Café","Hamtramck, Michigan","November 21, 2011"
13,"Old to New","Leaping Lizards Café","Virginia Beach, Virginia","November 21, 2011"
13,"Old to New","Jethros Fine Grub","Vancouver, British Columbia","November 21, 2011"
1,"Seafood & Sammies","Fresh Local Wild","Vancouver, British Columbia","November 28, 2011"
1,"Seafood & Sammies","Traffic Jam & Snug","Detroit, Michigan","November 28, 2011"
1,"Seafood & Sammies","Panozzo's Italian Market","Chicago, Illinois","November 28, 2011"
2,"Coast to Coast Classics","Tomahawk Restaurant","North Vancouver, British Columbia","December 5, 2011"
2,"Coast to Coast Classics","Danny's All American Diner","Tampa, Florida","December 5, 2011"
3,"Kid Rock's Detroit Tour","Clarkston Union Bar & Kitchen","Clarkston, Michigan","December 12, 2011"
3,"Kid Rock's Detroit Tour","Union Woodshop","Clarkston, Michigan","December 12, 2011"
3,"Kid Rock's Detroit Tour","Michigan Brewing Co.","Webberville, Michigan","December 12, 2011"
4,"Southern Staples","Red Wagon Café","Vancouver, British Columbia","December 19, 2011"
4,"Southern Staples","Perfectly Franks","Summerville, South Carolina","December 19, 2011"
4,"Southern Staples","Mama's Food Shop","Manhattan, New York","December 19, 2011"
5,"Scratch Made Classics","Lito's Mexican Restaurant","Santa Barbara, California","December 26, 2011"
5,"Scratch Made Classics","Save On Meats","Vancouver, British Columbia","December 26, 2011"
5,"Scratch Made Classics","The Redhead","Manhattan, New York","December 26, 2011"
6,"Meat Madness","Rincon Criollo","Queens, New York","January 16, 2012"
6,"Meat Madness","Tattooed Moose","Charleston, South Carolina","January 16, 2012"
6,"Meat Madness","Falconetti's","Vancouver, British Columbia","January 16, 2012"
7,"Global Traditions","John's of 12th Street","Manhattan, New York","January 23, 2012"
7,"Global Traditions","Mac's Fish & Chip Shop","Santa Barbara, California","January 23, 2012"
8,"Multitaskers","The Early Bird Diner","Charleston, South Carolina","January 30, 2012"
8,"Multitaskers","Boulevard Diner","Dundalk, Maryland","January 30, 2012"
8,"Multitaskers","The Kitchen","Oxnard, California","January 30, 2012"
9,"Family Matters","Sidecar","Brooklyn, New York","February 6, 2012"
9,"Family Matters","Peaceful Restaurant","Vancouver, British Columbia","February 6, 2012"
9,"Family Matters","Flip Flops Grill & Chill","Virginia Beach, Virginia","February 6, 2012"
10,"Old Faves, New Craves","Norton's Pastrami & Deli","Santa Barbara, California","February 13, 2012"
10,"Old Faves, New Craves","Meat & Bread","Vancouver, British Columbia","February 13, 2012"
10,"Old Faves, New Craves","Fuel Cantina","Charleston, South Carolina","February 13, 2012"
11,"Long Standing Legacies","Defonte's Sandwich Shop","Brooklyn, New York","February 20, 2012"
11,"Long Standing Legacies","The Glass Onion","Charleston, South Carolina","February 20, 2012"
11,"Long Standing Legacies","Galway Bay Irish Pub","Annapolis, Maryland","February 20, 2012"
12,"Time Tested Treasures","R&R Taqueria","Elkridge, Maryland","February 27, 2012"
12,"Time Tested Treasures","Nye's Polonaise Room","Minneapolis, Minnesota","February 27, 2012"
12,"Time Tested Treasures","Moseberth's Fried Chicken","Portsmouth, Virginia","February 27, 2012"
13,"Outside the Box","Joe Squared Pizza","Baltimore, Maryland","March 5, 2012"
13,"Outside the Box","Pepe's and Mito's","Dallas, Texas","March 5, 2012"
13,"Outside the Box","Savoy Café & Deli","Santa Barbara, California","March 5, 2012"
1,"Triple D All Stars","Pizzeria Lola","Minneapolis, Minnesota","April 2, 2012"
1,"Triple D All Stars","Monument Cafe","Georgetown, Texas","April 2, 2012"
2,"Streamlined Sammies","Luke's Inside Out","Austin, Texas","April 9, 2012"
2,"Streamlined Sammies","Smack Shack at The 1029 Bar","Minneapolis, Minnesota","April 9, 2012"
2,"Streamlined Sammies","Maple & Motor","Dallas, Texas","April 9, 2012"
3,"Crankin' Up the Classics","Broders' Cucina Italiana","Minneapolis, Minnesota","April 16, 2012"
3,"Crankin' Up the Classics","Chop House Burgers","Arlington, Texas","April 16, 2012"
4,"Passin' The Baton","Pete's Breakfast House","Ventura, California","April 23, 2012"
4,"Passin' The Baton","Sip & Bite Restaurant","Baltimore, Maryland","April 23, 2012"
5,"Big Time Flavor","Marla's Caribbean Cuisine","Minneapolis, Minnesota","April 30, 2012"
5,"Big Time Flavor","Cane Rosso","Dallas, Texas","April 30, 2012"
5,"Big Time Flavor","Counter Cafe","Austin, Texas","April 30, 2012"
6,"Unexpected Eats","Smalley's Caribbean Barbeque","Stillwater, Minnesota","May 7, 2012"
6,"Unexpected Eats","Johnny Garlic's","Santa Rosa, California","May 7, 2012"
6,"Unexpected Eats","Harvey's Hot Dogs II","Portsmouth, Virginia","May 7, 2012"
7,"BBQ Road Show","Pecan Lodge","Dallas, Texas","May 28, 2012"
7,"BBQ Road Show","John Mull's Meats and Road Kill Grill","Las Vegas, Nevada","May 28, 2012"
8,"All Vegas, All the Time","Naked City Pizza","Las Vegas, Nevada","June 4, 2012"
8,"All Vegas, All the Time","Forte European Tapas Bar & Bistro","Las Vegas, Nevada","June 4, 2012"
8,"All Vegas, All the Time","UNLV","Las Vegas, Nevada","June 4, 2012"
9,"Serious Sandwiches","Lola's - A Louisiana Kitchen","Las Vegas, Nevada","June 11, 2012"
9,"Serious Sandwiches","Noble Pig Sandwiches","Austin, Texas","June 11, 2012"
9,"Serious Sandwiches","Casper & Runyon's Nook","St. Paul, Minnesota","June 11, 2012"
10,"International Eats","Bachi Burger","Las Vegas, Nevada","June 18, 2012"
10,"International Eats","Afrah","Richardson, Texas","June 18, 2012"
10,"International Eats","Gazala's Place","Manhattan, New York","June 18, 2012"
11,"Belly Up","Hopleaf Bar","Chicago, Illinois","June 25, 2012"
11,"Belly Up","Foreign & Domestic","Austin, Texas","June 25, 2012"
12,"Dynamic Dishes","Jawaiian Irie Jerk Restaurant","Honolulu, Hawaii","July 2, 2012"
12,"Dynamic Dishes","Taste of Europe","Arlington, Texas","July 2, 2012"
12,"Dynamic Dishes","Yayo Taco","Las Vegas, Nevada","July 2, 2012"
13,"Coast to Coast Chow","Camille's on Wheels","Kailua, Hawaii","July 30, 2012"
13,"Coast to Coast Chow","Chicago Brauhaus","Chicago, Illinois","July 30, 2012"
13,"Coast to Coast Chow","Dixie Supply Bakery & Cafe","Charleston, South Carolina","July 30, 2012"
1,"Unconventional Comforts","He'eia Kea Pier General Store and Deli","Kaneohe, Hawaii","August 5, 2012"
1,"Unconventional Comforts","Rex Italian Foods","Norridge, Illinois","August 5, 2012"
1,"Unconventional Comforts","Memphis Street Cafe","Hernando, Mississippi","August 5, 2012"
2,"Goin' the Extra Mile","bopNgrill","Chicago, Illinois","August 13, 2012"
2,"Goin' the Extra Mile","Sweet Home Waimanalo","Waimanalo, Hawaii","August 13, 2012"
3,"Savory Standouts","90 Miles Cuban Cafe","Chicago, Illinois","August 19, 2012"
3,"Savory Standouts","Davis' Pub","Annapolis, Maryland","August 19, 2012"
4,"Surf 'N' Turf Jackpot","Memphis Barbecue Co.","Horn Lake, Mississippi","August 27, 2012"
4,"Surf 'N' Turf Jackpot","Fresh Catch","Honolulu, Hawaii","August 27, 2012"
5,"Massachusetts Madness","Italian Express Pizzeria","East Boston, Massachusetts","September 3, 2012"
5,"Massachusetts Madness","Cutty's","Brookline, Massachusetts","September 3, 2012"
6,"East Coast Comfort","Tupelo","Cambridge, Massachusetts","September 24, 2012"
6,"East Coast Comfort","Patti's Pierogis","Fall River, Massachusetts","September 24, 2012"
6,"East Coast Comfort","Angelo's Civito Farnese","Providence, Rhode Island","September 24, 2012"
6,"East Coast Comfort","Mediterraneo Caffe","Providence, Rhode Island","September 24, 2012"
7,"Flavortown Medley","South Of Beale (SOB)","Memphis, Tennessee","October 1, 2012"
7,"Flavortown Medley","Big Wave Shrimp Truck","Haleiwa, Hawaii","October 1, 2012"
7,"Flavortown Medley","Chaps Pit Beef","Baltimore, Maryland","October 1, 2012"
8,"Burgers, Noodles and Quahogs","Boston Burger Company","Boston, Massachusetts","October 8, 2012"
8,"Burgers, Noodles and Quahogs","Anthony's Seafood","Middletown, Rhode Island","October 8, 2012"
8,"Burgers, Noodles and Quahogs","Guerilla Street Food","St. Louis, Missouri","October 8, 2012"
9,"Handcrafted","The Elegant Farmer","Mukwonago, Wisconsin","October 15, 2012"
9,"Handcrafted","Italian Corner","East Providence, Rhode Island","October 15, 2012"
10,"All Family, All the Time","Anthonino's Taverna","St. Louis, Missouri","October 22, 2012"
10,"All Family, All the Time","Three Angels Diner","Memphis, Tennessee","October 22, 2012"
10,"All Family, All the Time","Opal Thai Food","Haleiwa, Hawaii","October 22, 2012"
11,"Food Done Right","Aunt Carrie's","Narragansett, Rhode Island","October 29, 2012"
11,"Food Done Right","The Shaved Duck","St. Louis, Missouri","October 29, 2012"
11,"Food Done Right","Angela's Cafe","East Boston, Massachusetts","October 29, 2012"
12,"Pubs and Grub","Dressel's Public House","St. Louis, Missouri","November 5, 2012"
12,"Pubs and Grub","Outer Banks Brewing Station","Kill Devil Hills, North Carolina","November 5, 2012"
12,"Pubs and Grub","Edgewood Cafe","Cranston, Rhode Island","November 5, 2012"
13,"Turn On Traditional","Kitty Hoynes","Syracuse, New York","November 12, 2012"
13,"Turn On Traditional","Espino's Mexican Bar and Grill","Chesterfield, Missouri","November 12, 2012"
13,"Turn On Traditional","Yankee Lobster Company","Boston, Massachusetts","November 12, 2012"
1,"Authentic Eats","Highway 61 Roadhouse and Kitchen","Webster Groves, Missouri","December 10, 2012"
1,"Authentic Eats","Byblos Mediterranean Cafe","Syracuse, New York","December 10, 2012"
2,"Fully Focused","Brine and Bottle","Nags Head, North Carolina","December 17, 2012"
2,"Fully Focused","Pastabilities","Syracuse, New York","December 17, 2012"
3,"Far Out","La Isla Restaurant","Hoboken, New Jersey","December 24, 2012"
3,"Far Out","Funk 'n Waffles","Syracuse, New York","December 24, 2012"
3,"Far Out","Cravings","Duck, North Carolina","December 24, 2012"
4,"Matches Made in Heaven","Ortegaz' Southwestern Grill","Manteo, North Carolina","January 7, 2013"
4,"Matches Made in Heaven","The Smoke Joint","Brooklyn, New York","January 7, 2013"
5,"Savory Sensations","The Weeping Radish","Jarvisburg, North Carolina","January 14, 2013"
5,"Savory Sensations","Jimmy’s Diner","Brooklyn, New York","January 14, 2013"
6,"Hometown Haunts","Marie's Italian Specialties","Chatham, New Jersey","January 21, 2013"
6,"Hometown Haunts","Darby's Cafe","Olympia, Washington","January 21, 2013"
7,"Land to Sea","Empire Brewing Company","Syracuse, New York","February 11, 2013"
7,"Land to Sea","Black Pelican Oceanfront Restaurant","Kitty Hawk, North Carolina","February 11, 2013"
7,"Land to Sea","Fish Tale Brew Pub","Olympia, Washington","February 11, 2013"
8,"Decadent Dishes","Crockett's Public House","Puyallup, Washington","February 18, 2013"
8,"Decadent Dishes","Pies 'N' Thighs","Brooklyn, New York","February 18, 2013"
9,"Eurocentric","Eva's European Sweets","Syracuse, New York","February 24, 2013"
9,"Eurocentric","Bruno's European Restaurant","Tacoma, Washington","February 24, 2013"
9,"Eurocentric","Hey Meatball","Toronto, Ontario, Canada","February 24, 2013"
10,"Hittin' the Grill","Crown Bar","Tacoma, Washington","March 4, 2013"
10,"Hittin' the Grill","The Golden State","Los Angeles, California","March 4, 2013"
11,"Unlikely Partners","Beer Belly","Los Angeles, California","March 11, 2013"
11,"Unlikely Partners","Lakeview Restaurant","Toronto, Ontario, Canada","March 11, 2013"
12,"Layers of Flavor","Tortugas' Lie","Nags Head, North Carolina","March 18, 2013"
12,"Layers of Flavor","The Ace","Toronto, Ontario, Canada","March 18, 2013"
13,"Real Deal Roots","Chomp Chomp Nation","Irvine, California","March 25, 2013"
13,"Real Deal Roots","Caplansky's","Toronto, Ontario, Canada","March 25, 2013"
1,"Tacos and Tots","Dirty Oscar's Annex","Tacoma, Washington","April 22, 2013"
1,"Tacos and Tots","Highland Tavern","Denver, Colorado","April 22, 2013"
2,"Chicken, Chili and Chowder","Sidecar Bar and Grille","Philadelphia, Pennsylvania","April 29, 2013"
2,"Chicken, Chili and Chowder","Chili John's","Burbank, California","April 29, 2013"
2,"Chicken, Chili and Chowder","Stockyards Smokehouse and Larder","Toronto, Ontario, Canada","April 29, 2013"
3,"Dynamic Duos","Atomic Cowboy","Denver, Colorado","May 6, 2013"
3,"Dynamic Duos","Perk Eatery","Scottsdale, Arizona","May 6, 2013"
4,"Traditional Gone Wild","South Philadelphia Tap Room","Philadelphia, Pennsylvania","May 13, 2013"
4,"Traditional Gone Wild","St. Francis","Phoenix, Arizona","May 13, 2013"
5,"Peppers, Pork and Poutine","Barrio Cafe","Phoenix, Arizona","May 20, 2013"
5,"Peppers, Pork and Poutine","Rosedale Diner","Toronto, Ontario, Canada","May 20, 2013"
6,"Kings and Queens of 'Cue","Hops & Pie","Denver, Colorado","May 27, 2013"
6,"Kings and Queens of 'Cue","Bludso's BBQ","Compton, California","May 27, 2013"
6,"Kings and Queens of 'Cue","Percy Street Barbecue","Philadelphia, Pennsylvania","May 27, 2013"
7,"A Festival of Flavor","Standard Tap","Philadelphia, Pennsylvania","June 17, 2013"
7,"A Festival of Flavor","Curry Corner","Tempe, Arizona","June 17, 2013"
7,"A Festival of Flavor","Prohibition","Denver, Colorado","June 17, 2013"
8,"Timeless Traditions","Jamaican Jerk Hut","Philadelphia, Pennsylvania","June 24, 2013"
8,"Timeless Traditions","DeFalco's Italian Eatery, Grocery & Deli","Scottsdale, Arizona","June 24, 2013"
8,"Timeless Traditions","CoraFaye's Café","Denver, Colorado","June 24, 2013"
9,"From Pound Cake to Pot Pie","Geechee Girl Rice Cafe","Philadelphia, Pennsylvania","July 1, 2013"
9,"From Pound Cake to Pot Pie","Haggo's Organic Taco","Leucadia, California","July 1, 2013"
9,"From Pound Cake to Pot Pie","The Duce","Phoenix, Arizona","July 1, 2013"
10,"L.A. Eats","The Park's Finest BBQ","Los Angeles, California","July 8, 2013"
10,"L.A. Eats","Eastside Market Italian Deli","Los Angeles, California","July 8, 2013"
11,"All San Diego, All the Time","Hodad’s","Ocean Beach, California","August 5, 2013"
11,"All San Diego, All the Time","OB Noodle House","Ocean Beach, California","August 5, 2013"
11,"All San Diego, All the Time","Pizzeria Luigi","North Park, California","August 5, 2013"
12,"From the Heart","Shirley’s Tippy Canoe","Troutdale, Oregon","August 12, 2013"
12,"From the Heart","Spirito’s Italian Diner","Carlsbad, California","August 12, 2013"
12,"From the Heart","Nopalito","San Francisco, California","August 12, 2013"
13,"That's Fresh","Pica Pica","San Francisco, California","August 19, 2013"
13,"That's Fresh","Edelweiss Sausage & Delicatessen","Portland, Oregon","August 19, 2013"
1,"Neighborhood Knockouts","Crest Café","San Diego, California","August 26, 2013"
1,"Neighborhood Knockouts","Show Dogs","San Francisco, California","August 26, 2013"
1,"Neighborhood Knockouts","Industrial Café & Saloon","Portland, Oregon","August 26, 2013"
2,"Meat Lover’s Paradise","The Refuge","San Carlos, California","September 2, 2013"
2,"Meat Lover’s Paradise","The Country Cat","Portland, Oregon","September 2, 2013"
3,"Servin’ Up San Francisco","Miller’s East Coast Deli","San Francisco, California","September 9, 2013"
3,"Servin’ Up San Francisco","Koja Kitchen Food Truck","San Francisco, California","September 9, 2013"
3,"Servin’ Up San Francisco","The Front Porch","San Francisco, California","September 9, 2013"
4,"Cannoli, Fritters and Wings","Senor Sisig Food Truck","San Francisco, California","September 16, 2013"
4,"Cannoli, Fritters and Wings","A Taste of Home Cooking","Wheat Ridge, Colorado","September 16, 2013"
4,"Cannoli, Fritters and Wings","PDX671 Food Trailer","Portland, Oregon","September 16, 2013"
5,"Aces of Authenticity","Casa Chimayo Restaurant","Santa Fe, New Mexico","October 21, 2013"
5,"Aces of Authenticity","Frank's Noodle House","Portland, Oregon","October 21, 2013"
5,"Aces of Authenticity","Torinos","Albuquerque, New Mexico","October 21, 2013"
6,"Sammies and Stew","Jambo Cafe","Santa Fe, New Mexico","October 28, 2013"
6,"Sammies and Stew","Bocadillos","Albuquerque, New Mexico","October 28, 2013"
7,"All Kinds of Gobble Gobble","Back Street Bistro","Santa Fe, New Mexico","November 18, 2013"
7,"All Kinds of Gobble Gobble","Golden Crown Panaderia","Albuquerque, New Mexico","November 18, 2013"
7,"All Kinds of Gobble Gobble","Danny Edward's BBQ","Kansas City, Missouri","November 18, 2013"
8,"Comfort and Soul","Tin Shed Garden Cafe","Portland, Oregon","November 25, 2013"
8,"Comfort and Soul","Nexus Brewery","Albuquerque, New Mexico","November 25, 2013"
8,"Comfort and Soul","BB's Lawnside BBQ","Kansas City, Missouri","November 25, 2013"
9,"Pork, Pasta and Barbecue","Succotash","Kansas City, Missouri","December 2, 2013"
9,"Pork, Pasta and Barbecue","Cupini's","Kansas City, Missouri","December 2, 2013"
9,"Pork, Pasta and Barbecue","The Cube","Albuquerque, New Mexico","December 2, 2013"
10,"South of the Border","Asi y Asado","Cabo San Lucas, Mexico","December 9, 2013"
10,"South of the Border","Solomon's Landing","Cabo San Lucas, Mexico","December 9, 2013"
10,"South of the Border","Tiki Bar","Cabo San Lucas, Mexico","December 9, 2013"
11,"Tennessee Holiday Traditions","Center Point Pit Barbecue","Hendersonville, Tennessee","December 16, 2013"
11,"Tennessee Holiday Traditions","Mas Tacos por Favor","Nashville, Tennessee","December 16, 2013"
12,"Family Time","The Grilled Cheeserie","Nashville, Tennessee","December 23, 2013"
12,"Family Time","Caffe Nonna","Nashville, Tennessee","December 23, 2013"
12,"Family Time","Blue Koi","Kansas City, Missouri","December 23, 2013"
13,"Soup, Salad and Seafood","Pot Pie","Kansas City, Missouri","December 30, 2013"
13,"Soup, Salad and Seafood","55 South","Franklin, Tennessee","December 30, 2013"
13,"Soup, Salad and Seafood","Phat Bites","Nashville, Tennessee","December 30, 2013"
1,"Guy’s Hometown Tour","Pretzel Cart","Ferndale, California","February 7, 2014"
1,"Guy’s Hometown Tour","Clendenen’s Cider Works","Fortuna, California","February 7, 2014"
1,"Guy’s Hometown Tour","Loleta Cheese Shop","Loleta, California","February 7, 2014"
1,"Guy’s Hometown Tour","Ferndale Meat Co.","Ferndale, California","February 7, 2014"
1,"Guy’s Hometown Tour","Ivanhoe","Ferndale, California","February 7, 2014"
1,"Guy’s Hometown Tour","Humboldt Sweets","Ferndale, California","February 7, 2014"
2,"All Things NY","Black Tree","Manhattan, New York","February 14, 2014"
2,"All Things NY","Queen’s Comfort","Queens, New York","February 14, 2014"
2,"All Things NY","Paul’s Live From New York","Eureka, California","February 14, 2014"
3,"Big Time Bites","Bun-Ker Vietnamese","Queens, New York","February 21, 2014"
3,"Big Time Bites","Brindle Room","Manhattan, New York","February 21, 2014"
3,"Big Time Bites","Brick & Fire","Eureka, California","February 21, 2014"
4,"Keepin' It Real","Sakaya Kitchen","Miami, Florida","February 28, 2014"
4,"Keepin' It Real","Don Antonio By Starita","Manhattan, New York","February 28, 2014"
4,"Keepin' It Real","Bless My Soul","Eureka, California","February 28, 2014"
5,"Dynamite Duos","Duck’s Eatery","Manhattan, New York","March 7, 2014"
5,"Dynamite Duos","Whisk Gourmet","Miami, Florida","March 7, 2014"
5,"Dynamite Duos","Café Nooner","Eureka, California","March 7, 2014"
6,"Kickin It in Key West","Garbo’s Grill","Key West, Florida","March 14, 2014"
6,"Kickin It in Key West","Dj’s Clam Shack","Key West, Florida","March 14, 2014"
6,"Kickin It in Key West","Badboy Burrito","Key West, Florida","March 14, 2014"
7,"From Meatballs to Lollipops","Maxwell’s East Coast Eatery","Salt Lake City, Utah","April 25, 2014"
7,"From Meatballs to Lollipops","Tin Roof Grill","Sandy, Utah","April 25, 2014"
7,"From Meatballs to Lollipops","The Latin House","Miami, Florida","April 25, 2014"
8,"Cross Country Comfort Food","The Silver Star Café","Park City, Utah","May 9, 2014"
8,"Cross Country Comfort Food","Sammy’s Bistro","Park City, Utah","May 9, 2014"
8,"Cross Country Comfort Food","Blue Collar","Miami, Florida","May 9, 2014"
9,"International Family Style","Artiso’s","Salt Lake City, Utah","May 16, 2014"
9,"International Family Style","Boot’s and Kimo’s Homestyle Kitchen","Kailua, Hawaii","May 16, 2014"
9,"International Family Style","Oh Mai","Holladay, Utah","May 16, 2014"
10,"Island Flavor","Dean’s Drive Inn","Kaneohe, Hawaii","May 23, 2014"
10,"Island Flavor","The Alley Restaurant At Aiea Bowl","Aiea, Hawaii","May 23, 2014"
10,"Island Flavor","Elena’s Restaurant","Waipahu, Hawaii","May 23, 2014"
11,"Grillin, Chillin & Huli Huli Chicken","The Federal","Miami, Florida","May 30, 2014"
11,"Grillin, Chillin & Huli Huli Chicken","Mike’s Huli Huli Chicken","Kaneohe, Hawaii","May 30, 2014"
11,"Grillin, Chillin & Huli Huli Chicken","Tamarindo Truck","Orange County, California","May 30, 2014"
12,"Righteous Bites","Loulou’s Griddle In The Middle","Monterey, California","June 6, 2014"
12,"Righteous Bites","Fat Sal’s Deli","Los Angeles, California","June 6, 2014"
12,"Righteous Bites","The Alley Restaurant At Aiea Bowl","Aiea, Hawaii","June 6, 2014"
NA,"Vegas Greats","Bachi Burger","Las Vegas, Nevada","April 14, 2014"
NA,"Vegas Greats","John Mull’s Road Kill Grill","Las Vegas, Nevada","April 14, 2014"
NA,"Vegas Greats","Naked City Pizza","Las Vegas, Nevada","April 14, 2014"
NA,"Vegas Greats","Forte European Tapas Bar & Bistro","Las Vegas, Nevada","April 14, 2014"
NA,"Vegas Greats","UNLV","Las Vegas, Nevada","April 14, 2014"
NA,"Crazy for Chicken","Uncle Lou's","Memphis, Tennessee","April 18, 2014"
NA,"Crazy for Chicken","Tortugas' Lie","Nags Head, North Carolina","April 18, 2014"
NA,"Crazy for Chicken","90 Miles Cuban Cafe","Chicago, Illinois","April 18, 2014"
NA,"Crazy for Chicken","Taco Taco Cafe","San Antonio, Texas","April 18, 2014"
NA,"Crazy for Chicken","Rincon Criollo","Queens, New York","April 18, 2014"
NA,"Crazy for Chicken","Tocabe American Indian Eatery","Denver, Colorado","April 18, 2014"
NA,"Crazy for Chicken","The Glass Onion","Charleston, South Carolina","April 18, 2014"
NA,"Crazy for Chicken","Opal Thai Food","Haleiwa, Hawaii","April 18, 2014"
NA,"Crazy for Chicken","PotPie","Kansas City, Missouri","April 18, 2014"
NA,"Crazy for Chicken","Smalley’s Caribbean Barbeque","Stillwater, Minnesota","April 18, 2014"
NA,"Grilling Greats","Tom's Bar-B-Q","Memphis, Tennessee","June 21, 2014"
NA,"Grilling Greats","Luke's Inside Out","Austin, Texas","June 21, 2014"
NA,"Grilling Greats","Caplansky's Deli","Toronto, Ontario","June 21, 2014"
NA,"Grilling Greats","Danny's All-American Diner & Dairy Bar","Tampa, Florida","June 21, 2014"
NA,"Grilling Greats","Louie Mueller's Barbecue","Taylor, Texas","June 21, 2014"
NA,"Grilling Greats","Rick's Press Room Grill & Bar","Meridian, Idaho","June 21, 2014"
NA,"Grilling Greats","Maple & Motor","Dallas, Texas","June 21, 2014"
NA,"Grilling Greats","Jawaiian Irie Jerk Restaurant","Honolulu, Hawaii","June 21, 2014"
1,"California Cruisin","Sabroso Mexican Grill","Garden Grove, California","September 5, 2014"
1,"California Cruisin","Monterey Fish House","Monterey, California","September 5, 2014"
1,"California Cruisin","Rutt’s Hawaiian Cafe","Los Angeles, California","September 5, 2014"
2,"Stuffed and Twisted","Sidewinder’s American Grill","Jackson, Wyoming","September 12, 2014"
2,"Stuffed and Twisted","Rosine’s Restaurant","Monterey, California","September 12, 2014"
2,"Stuffed and Twisted","Blunch","Boston, Massachusetts","September 12, 2014"
3,"Old Standards, New Styles","Pinky G’s Pizzeria","Jackson, Wyoming","September 19, 2014"
3,"Old Standards, New Styles","The Starling Diner","Long Beach, California","September 19, 2014"
3,"Old Standards, New Styles","Cannery Row Brewing Company","Monterey, California","September 19, 2014"
4,"From Standards to Standouts","Factory Gastrobar","Long Beach, California","September 26, 2014"
4,"From Standards to Standouts","Pica’s Mexican Taqueria","Jackson, Wyoming","September 26, 2014"
4,"From Standards to Standouts","Little Napoli","Carmel, California","September 26, 2014"
5,"All Day Dining","Wild Plum Cafe & Bistro","Monterey, California","October 3, 2014"
5,"All Day Dining","Nora’s Fish Creek Inn","Wilson, Wyoming","October 3, 2014"
5,"All Day Dining","Tavern on 2","Long Beach, California","October 3, 2014"
1,"Roadtrippin’ in Beantown","Cafe Polonia","Boston, Massachusetts","September 5, 2014"
1,"Roadtrippin’ in Beantown","Lone Star Taco Bar","Allston, Massachusetts","September 5, 2014"
1,"Roadtrippin’ in Beantown","Deep Ellum","Allston, Massachusetts","September 5, 2014"
2,"Seriously Saucy","Saus","Boston, Massachusetts","September 12, 2014"
2,"Seriously Saucy","Cafe Genevieve","Jackson, Wyoming","September 12, 2014"
2,"Seriously Saucy","Melt Eclectic Cafe","Cincinnati, Ohio","September 12, 2014"
3,"Cross-Country Classics","Trina’s Starlite Lounge","Somerville, Massachusetts","September 19, 2014"
3,"Cross-Country Classics","Shorty’s Pizza and Smoked Meat","Superior, Wisconsin","September 19, 2014"
3,"Cross-Country Classics","From Scratch Restaurant","Carmel, California","September 19, 2014"
4,"Worldwide Flavorfest","Casa Razdora","Boston, Massachusetts","September 26, 2014"
4,"Worldwide Flavorfest","Island Frydays","Cincinnati, Ohio","September 26, 2014"
4,"Worldwide Flavorfest","Pak’s Green Corner","Duluth, Minnesota","September 26, 2014"
5,"Small Town Standouts","Kounty Quarthouse","South Range, Wisconsin","October 3, 2014"
5,"Small Town Standouts","Junkyard Extreme Burgers and Brats","Junction City, Oregon","October 3, 2014"
5,"Small Town Standouts","Lotus Cafe","Jackson, Wyoming","October 3, 2014"
6,"One Street Wonders","Taste of Belgium","Cincinnati, Ohio","October 10, 2014"
6,"One Street Wonders","Senate Pub","Cincinnati, Ohio","October 10, 2014"
6,"One Street Wonders","Bakersfield OTR","Cincinnati, Ohio","October 10, 2014"
7,"Old School Joints","Cornbread Cafe","Eugene, Oregon","October 31, 2014"
7,"Old School Joints","Gannucci’s Italian Market","Duluth, Minnesota","October 31, 2014"
7,"Old School Joints","Delta Diner","Delta, Wisconsin","October 31, 2014"
8,"Meat In The Middle","The Sandwich League","Eugene, Oregon","November 7, 2014"
8,"Meat In The Middle","The Brick House Cafe and Catering","Cable, Wisconsin","November 7, 2014"
8,"Meat In The Middle","Grano’s Pasta Bar","Baltimore, Maryland","November 7, 2014"
9,"Soup-Centric","Soup Nation","Eugene, Oregon","November 14, 2014"
9,"Soup-Centric","Slainte Irish Pub and Restaurant","Baltimore, Maryland","November 14, 2014"
9,"Soup-Centric","Pho Lang Thang","Cincinnati, Ohio","November 14, 2014"
10,"All Baltimore All The Time","Jimmy’s Famous Seafood","Baltimore, Maryland","November 21, 2014"
10,"All Baltimore All The Time","Clementine","Baltimore, Maryland","November 21, 2014"
11,"Chicken Chowfest","Patton’s Restaurant & Catering","Des Moines, Iowa","November 28, 2014"
11,"Chicken Chowfest","Papa’s Soul Food Kitchen and BBQ","Eugene, Oregon","November 28, 2014"
11,"Chicken Chowfest","Swallow at the Hollow","Baltimore, Maryland","November 28, 2014"
12,"Fresh Fish & Funky Chicken","Fisherman’s Market","Eugene, Oregon","December 5, 2014"
12,"Fresh Fish & Funky Chicken","Mi Patria Ecuadorian Restaurant","West Des Moines, Iowa","December 5, 2014"
12,"Fresh Fish & Funky Chicken","Smokey D’s BBQ","Des Moines, Iowa","December 5, 2014"
13,"Oldies But Goodies","Ernest & Son","Brigantine, New Jersey","December 12, 2014"
13,"Oldies But Goodies","Oyster Creek Inn","Leeds Point, New Jersey","December 12, 2014"
13,"Oldies But Goodies","George The Chili King Drive-In","Des Moines, Iowa","December 12, 2014"
14,"Southern Spectacular","Farmer’s Shed","Lexington, South Carolina","December 22, 2014"
14,"Southern Spectacular","Pine State Biscuits","Portland, Oregon","December 22, 2014"
14,"Southern Spectacular","Sweetie Pie’s","St. Louis, Missouri","December 22, 2014"
14,"Southern Spectacular","Rick’s White Light Diner","Frankfort, Kentucky","December 22, 2014"
14,"Southern Spectacular","Zydeco’s","Mooresville, Indiana","December 22, 2014"
15,"Best of Breakfast","Ruth’s Diner","Salt Lake City, Utah","December 23, 2014"
15,"Best of Breakfast","Lake Effect Diner","Buffalo, New York","December 23, 2014"
15,"Best of Breakfast","Mustache Bill’s","Barnegat Light, New Jersey","December 23, 2014"
15,"Best of Breakfast","Al’s Breakfast","Minneapolis, Minnesota","December 23, 2014"
15,"Best of Breakfast","Louie & the Red Head Lady","Mandeville, Louisiana","December 23, 2014"
15,"Best of Breakfast","Grampa’s Bakery & Restaurant","Dania Beach, Florida","December 23, 2014"
15,"Best of Breakfast","W.O.W – Worth Our Weight","Santa Rosa, California","December 23, 2014"
15,"Best of Breakfast","Schooner or Later","Long Beach, California","December 23, 2014"
15,"Best of Breakfast","Matt’s Big Breakfast","Phoenix, Arizona","December 23, 2014"
16,"Memorable Moms","Rigoletto Italian Bakery & Café","Virginia Beach, Virginia","December 24, 2014"
16,"Memorable Moms","Voula’s Offshore Cafe","Seattle, Washington","December 24, 2014"
16,"Memorable Moms","Nadine’s Restaurant","Pittsburgh, Pennsylvania","December 24, 2014"
16,"Memorable Moms","Kelly O’s Diner","Pittsburgh, Pennsylvania","December 24, 2014"
16,"Memorable Moms","Monte Carlo Steak House","Albuquerque, New Mexico","December 24, 2014"
16,"Memorable Moms","Emily’s Lebanese Deli","Minneapolis, Minnesota","December 24, 2014"
17,"Hometown Heroes","Eischen’s Bar","Okarche, Oklahoma","December 25, 2014"
17,"Hometown Heroes","Otto’s Sausage","Portland, Oregon","December 25, 2014"
17,"Hometown Heroes","South 21 Drive In","Charlotte, North Carolina","December 25, 2014"
17,"Hometown Heroes","Kramarczuk Sausage Company","Minneapolis, Minnesota","December 25, 2014"
17,"Hometown Heroes","Bob’s Clam Hut","Kittery, Maine","December 25, 2014"
17,"Hometown Heroes","Rainbow Drive-In","Honolulu, Hawaii","December 25, 2014"
17,"Hometown Heroes","Tommy’s Joynt","San Francisco, California","December 25, 2014"
18,"Pork Hall of Fame","Union Wood Shop","Clarkston, Michigan","December 26, 2014"
18,"Pork Hall of Fame","Dough Pizzeria Napoletana","San Antonio, Texas","December 26, 2014"
18,"Pork Hall of Fame","Maria’s Taco Express","Austin, Texas","December 26, 2014"
18,"Pork Hall of Fame","Bar Gernika","Boise, Idaho","December 26, 2014"
18,"Pork Hall of Fame","Valencia Luncheria","Norwalk, Connecticut","December 26, 2014"
18,"Pork Hall of Fame","Santa Cruz Diner","Santa Cruz, California","December 26, 2014"
18,"Pork Hall of Fame","North End Caffe","Manhattan Beach, California","December 26, 2014"
18,"Pork Hall of Fame","The Oinkster","Eagle Rock, California","December 26, 2014"
18,"Pork Hall of Fame","Haus Murphy’s","Glendale, Arizona","December 26, 2014"
1,"Fish, Fries and Feet","Flying Mango","Des Moines, Iowa","January 16, 2015"
1,"Fish, Fries and Feet","Kelsey & Kim’s Southern Cafe","Atlantic City, New Jersey","January 16, 2015"
1,"Fish, Fries and Feet","Kelsey & Kim’s Southern Cafe","Atlantic City, New Jersey","January 16, 2015"
1,"Fish, Fries and Feet","Tacopocalypse","Des Moines, Iowa","January 16, 2015"
2,"Cruisin’ the Italian Countryside","Windows On The World (Ristorante WOW)","Montecatini Terme, Italy","January 23, 2015"
2,"Cruisin’ the Italian Countryside","Port Ellen Clan","Lucca, Italy","January 23, 2015"
2,"Cruisin’ the Italian Countryside","La Taverna dei Miracoli da Mangiafuoco","Toscana, Italy","January 23, 2015"
3,"Fillin’ Up in Florence","La Cucina Del Garga","Firenze, Italy","January 30, 2015"
3,"Fillin’ Up in Florence","Il Gusta Pizza","Firenze, Italy","January 30, 2015"
3,"Fillin’ Up in Florence","Fratelli Briganti","Firenze, Italy","January 30, 2015"
4,"Arizona All Stars","Tom’s Thumb Fresh Market","Scottsdale, Arizona","February 6, 2015"
4,"Arizona All Stars","Andreoli – Italian Grocer","Scottsdale, Arizona","February 6, 2015"
4,"Arizona All Stars","Paradise Valley Burger Company","Phoenix, Arizona","February 6, 2015"
5,"Roadtrippin’","The Anchorage Tavern","Somers Point, New Jersey","February 27, 2015"
5,"Roadtrippin’","Salty’s BBQ & Catering","Bakersfield, California","February 27, 2015"
5,"Roadtrippin’","Sal’s Gilbert Pizza","Gilbert, Arizona","February 27, 2015"
6,"From Atlantic to Pacific","KC Steakhouse","Bakersfield, California","March 6, 2015"
6,"From Atlantic to Pacific","Grilled Cheese & Crab Cake Co.","Somers Point, New Jersey","March 6, 2015"
6,"From Atlantic to Pacific","Mama Roomba","Bakersfield, California","March 6, 2015"
7,"Globe Tasting","The Wild Thaiger","Phoenix, Arizona","March 13, 2015"
7,"Globe Tasting","Muertos Kitchen & Lounge","Bakersfield, California","March 13, 2015"
7,"Globe Tasting","Carluccio’s Coal Fired Pizza","Northfield, New Jersey","March 13, 2015"
8,"Sweet, Savory and Saucy","La Santisima Gourmet Taco Shop","Bakersfield, California","April 17, 2015"
8,"Sweet, Savory and Saucy","Moo Creamery","Bakersfield, California","April 17, 2015"
8,"Sweet, Savory and Saucy","24th Street Cafe","Bakersfield, California","April 17, 2015"
9,"Driving Through Charlotte",NA,NA,"May 1, 2015"
10,"Indulgent Dishes",NA,NA,"May 22, 2015"
11,"Grittles & Vittles",NA,NA,"May 29, 2015"
NA,"Food TruckAPalooza","Tamarindo Truck","Orange County, California","February 22, 2015"
NA,"Food TruckAPalooza","Garbo’s Grill","Key West, Florida","February 22, 2015"
NA,"Food TruckAPalooza","The Grilled Cheeserie","Nashville, Tennessee","February 22, 2015"
NA,"Food TruckAPalooza","Fresh Local Wild","Vancouver, British Columbia","February 22, 2015"
NA,"Food TruckAPalooza","Don Chow Tacos","Los Angeles, California","February 22, 2015"
NA,"All Beefed Up","Terry’s Turf Club","Cincinnati, Ohio","March 9, 2015"
NA,"All Beefed Up","Smokin Guns BBQ & Catering","Kansas City, Missouri","March 9, 2015"
NA,"All Beefed Up","Schellville Grill","Sonoma, California","March 9, 2015"
NA,"All Beefed Up","Paul’s Coffee Shop","Fountain Valley, California","March 9, 2015"
NA,"Summer Spectacular",NA,NA,NA
1,"A Bowlful of Soup","Mert's Heart & Soul","Charlotte, North Carolina","July 17, 2015"
1,"A Bowlful of Soup","Crepe Expectations","Las Vegas, Nevada","July 17, 2015"
1,"A Bowlful of Soup","Tubs Fine Chili","Culver City, California","July 17, 2015"
2,"Taste of Asia","DAE GEE Korean BBQ","Denver, Colorado","July 24, 2015"
2,"Taste of Asia","Fat Choy","Las Vegas, Nevada","July 24, 2015"
2,"Taste of Asia","Osaka Japanese Bistro","Las Vegas, Nevada","July 24, 2015"
3,"Best of the Beach","Cafe Brazil","Denver, Colorado","August 3, 2015"
3,"Best of the Beach","Biju's Little Curry Shop","Denver, Colorado","August 3, 2015"
3,"Best of the Beach","Folk Art","Atlanta, Georgia","August 3, 2015"
4,"From Biscuits to Briskets","Fox Bros Bar-B-Q","Atlanta, Georgia","August 7, 2015"
4,"From Biscuits to Briskets","Buttermilk Kitchen","Atlanta, Georgia","August 7, 2015"
4,"From Biscuits to Briskets","Restaurant 415","Fort Collins, Colorado","August 7, 2015"
5,"Homeland Favorites","Joy Cafe","Atlanta, Georgia","August 28, 2015"
5,"Homeland Favorites","Axios Estiatorio","Denver, Colorado","August 28, 2015"
5,"Homeland Favorites","Andale Taqueria & Mercado","Richfield, Minnesota","August 28, 2015"
6,"Name That Kitchen","The Lodge Sasquatch Kitchen","Fort Collins, Colorado","September 11, 2015"
6,"Name That Kitchen","Dana's Kitchen","Falmouth, Massachusetts","September 11, 2015"
6,"Name That Kitchen","Pickle Jar Kitchen","Falmouth, Massachusetts","September 11, 2015"
7,"East Coast Cruisin","Don Antonio by Starita","New York, New York","September 23, 2015"
7,"East Coast Cruisin","Louis Restaurant","Providence, Rhode Island","September 23, 2015"
7,"East Coast Cruisin","Crazy Burger Cafe & Juice Bar","Narragansett, Rhode Island","September 23, 2015"
7,"East Coast Cruisin","The Dining Car & Market","Philadelphia, Pennsylvania","September 23, 2015"
8,"Beef It Up","Driftwood Publick House & Oysteria","Plymouth, Massachusetts","September 18, 2015"
8,"Beef It Up","The General Muir","Atlanta, Georgia","September 18, 2015"
8,"Beef It Up","Buster's on 28th","Minneapolis, Minnesota","September 18, 2015"
9,"By Hand and By Fork","Parkside Market","Falmouth, Massachusetts","September 25, 2015"
9,"By Hand and By Fork","Maria Empanada","Denver, Colorado","September 25, 2015"
9,"By Hand and By Fork","Bayport BBQ","Bayport, Minnesota","September 25, 2015"
10,"Finger Lickin' Food","Wrecking Bar Brewpub","Atlanta, Georgia","October 9, 2015"
10,"Finger Lickin' Food","Shucker's World Famous Raw Bar","Woods Hole, Massachusetts","October 9, 2015"
10,"Finger Lickin' Food","George and the Dragon","Minneapolis, Minnesota","October 9, 2015"
11,"Bite of Britain","Grillstock","London, UK","October 16, 2015"
11,"Bite of Britain","Bird of Smithfield","London, UK","October 16, 2015"
11,"Bite of Britain","Hook Camden Town","Camden, London, UK","October 16, 2015"
12,"Piggin' Out","Pig Latin (Food Truck)","Colorado Springs, Colorado","November 6, 2015"
12,"Piggin' Out","North Bound Smokehouse and Brewpub","Minneapolis, Minnesota","November 6, 2015"
12,"Piggin' Out","United Noodles","Minneapolis, Minnesota","November 6, 2015"
13,"Isle-Talian","The Blue-Eyed Crab Caribbean Grill & Rum Bar","Plymouth, Massachusetts","December 4, 2015"
13,"Isle-Talian","Parvicini's Italian Bistro","Colorado Springs, Colorado","December 4, 2015"
13,"Isle-Talian","Rasta Pasta","Colorado Springs, Colorado","December 4, 2015"
14,"East-West Flavorfest","Mountain Shadows Restaurant","Colorado Springs, Colorado","December 18, 2015"
14,"East-West Flavorfest","Toki Underground","Washington, DC","December 18, 2015"
14,"East-West Flavorfest","Piccini Wood Fired Brick Oven Pizza","Ocean City, NJ","December 18, 2015"
NA,"Amazing Appetizers","Queen's Comfort","Astoria, New York","October 23, 2015"
NA,"Amazing Appetizers","Highland Tavern","Denver, Colorado","October 23, 2015"
NA,"Amazing Appetizers","Boulevard Diner","Dundalk, Colorado","October 23, 2015"
NA,"Amazing Appetizers","Clanton's Cafe","Vinita, Oklahoma","October 23, 2015"
NA,"Amazing Appetizers","10th Ave Burrito Co","Belmar, New Jersey","October 23, 2015"
NA,"Amazing Appetizers","BBQ Shack","Paola, Kansas","October 23, 2015"
NA,"Amazing Appetizers","The Highlander","Atlanta, Georgia","October 23, 2015"
NA,"Amazing Appetizers","Scully's Tavern","Miami, FL","October 23, 2015"
NA,"Ultimate Turkey Fest","Golden Crown Restaurant","Albuquerque, New Mexico","November 19, 2015"
NA,"Ultimate Turkey Fest","Bocadillas: Slow Roasted Sandwich Shop","Albuquerque, New Mexico","November 19, 2015"
NA,"Ultimate Turkey Fest","Funk N Waffles","Syracuse, New York","November 19, 2015"
NA,"Ultimate Turkey Fest","Supino Pizzeria","Detroit, Michigan","November 19, 2015"
NA,"Ultimate Turkey Fest","Comet Cafe","Milwaukee, Wisconsin","November 19, 2015"
NA,"Ultimate Turkey Fest","Mike's City Diner","Boston, Massachusetts","November 19, 2015"
NA,"Ultimate Turkey Fest","Sammy's Food Services & Deli","New Orleans, Louisiana","November 19, 2015"
NA,"Ultimate Turkey Fest","Alpine Steakhouse","Sarasota, Florida","November 19, 2015"
NA,"Ultimate Turkey Fest","Thee Pitts Again","Glendale, Arizona","November 19, 2015"
NA,"Extra Helpings","The Brick House Cafe and Catering","Cable, Wisconsin","November 27, 2015"
NA,"Extra Helpings","Cafe Genevieve","Jackson, Wyoming","November 27, 2015"
NA,"Extra Helpings","Tavern on 2","Long Beach, California","November 27, 2015"
NA,"Extra Helpings","DJ's Clam Shack","Key West, Florida","November 27, 2015"
NA,"Extra Helpings","Café Nooner","Eureka, California","November 27, 2015"
NA,"Extra Helpings","Sakaya Kitchen","Miami, Florida","November 27, 2015"
NA,"Extra Helpings","Bless My Soul","Eureka, California","November 27, 2015"
NA,"Extra Helpings","Brindle Room","New York, New York","November 27, 2015"
NA,"Extra Helpings","Brick & Fire","Eureka, California","November 27, 2015"
NA,"Extra Helpings","Black Tree","New York, New York","November 27, 2015"
NA,"Extra Helpings","Paul's Live From New York","Eureka, California","November 27, 2015"
NA,"Holiday Hoopla","Mas Tacos","Nashville, Tennessee","December 11, 2015"
NA,"Holiday Hoopla","Center Point Pit Barbecue","Hendersonville, Tennessee","December 11, 2015"
NA,"Holiday Hoopla","Miller's East Coast Deli","San Francisco, California","December 11, 2015"
NA,"Holiday Hoopla","Flakowitz of Boynton","Boynton Beach, Florida","December 11, 2015"
NA,"Holiday Hoopla","The Bagel Delicatessen & Restaurant","Denver, Colorado","December 11, 2015"
NA,"Holiday Hoopla","At Last Cafe","Long Beach, California","December 11, 2015"
NA,"Holiday Hoopla","Big Daddy's BBQ & Banquet","Fairbanks, Alaska","December 11, 2015"
1,"All Kinds of Meat","Alewife Baltimore","Baltimore, Maryland","January 1, 2016"
1,"All Kinds of Meat","Carving Room","Washington, DC","January 1, 2016"
1,"All Kinds of Meat","Spice Island Grill","Colorado Springs, Colorado","January 1, 2016"
2,"Triple D ""All Stars""","Tacopocalypse","Des Moines, Iowa","January 3, 2016"
2,"Triple D ""All Stars""","Artiso's","Salt Lake City, Utah","January 3, 2016"
2,"Triple D ""All Stars""","Sakaya Kitchen","Miami, Florida","January 3, 2016"
2,"Triple D ""All Stars""","Chef Lou's Westside Drive-In","Boise, Idaho","January 3, 2016"
2,"Triple D ""All Stars""","Pagoda Restaurant","North Pole, Alaska","January 3, 2016"
3,"Family Legacies","Miss Shirley's Cafe","Baltimore, Maryland","January 15, 2016"
3,"Family Legacies","Sam's Rialto Bar & Grill","Pleasantville, New Jersey","January 15, 2016"
3,"Family Legacies","Front Range Barbeque","Colorado Springs, Colorado","January 15, 2016"
4,"Rockin' New Orleans","The Creole Creamery","New Orleans, Louisiana","January 20, 2016"
4,"Rockin' New Orleans","The Joint","New Orleans, Louisiana","January 20, 2016"
4,"Rockin' New Orleans","Surrey's Cafe","New Orleans, Louisiana","January 20, 2016"
4,"Rockin' New Orleans","Parasol's Restaurant & Bar","New Orleans, Louisiana","January 20, 2016"
4,"Rockin' New Orleans","Joey K's Restaurant & Bar","New Orleans, Louisiana","January 20, 2016"
5,"Between the Bread","Skirted Heiffer","Colorado Springs, Colorado","January 22, 2016"
5,"Between the Bread","Bub and Pop's","Washington, DC","January 22, 2016"
5,"Between the Bread","Vagabond Kitchen & Tap House","Atlantic City, New Jersey","January 22, 2016"
6,"Comfort Food Mash-Up","Trina's Starlite Lounge","Somerville, Massachusetts","February 3, 2016"
6,"Comfort Food Mash-Up","The Starling Diner","Long Beach, California","February 3, 2016"
6,"Comfort Food Mash-Up","The Alley Restaurant at Aiea Bowl","Aiea, Hawaii","February 3, 2016"
6,"Comfort Food Mash-Up","Frank's Noodle House","Portland, Oregon","February 3, 2016"
6,"Comfort Food Mash-Up","Gold 'N Silver Inn","Reno, Nevada","February 3, 2016"
6,"Comfort Food Mash-Up","Ramona Cafe","Ramona, California","February 3, 2016"
7,"Smoke and Seafood","The Fish House","Key Largo, Florida","March 11, 2016"
7,"Smoke and Seafood","Islamorada Shrimp Shack","Islamorada, Florida","March 11, 2016"
7,"Smoke and Seafood","The Smoking Swine","Baltimore, Maryland","March 11, 2016"
8,"International Appeal","Digiorgio's Cafe Largo","Key Largo, Florida","March 25, 2016"
8,"International Appeal","El Nuevo Frutilandia","San Francisco, California","March 25, 2016"
8,"International Appeal","Green Papaya Food Truck","Stockton, California","March 25, 2016"
